SRR ID,Gene ID,Protein Sequence,Predicted_Label,Max_Probability,Predicted_PSS_ID,Predicted_Type,Sequence Length,Molecular Weight,Reference PDB,RMSD,TM-score
SRR8814425,GL1510658,DQMVQQLLQQPTIDLNLVNRLGKRPEDLCTSKKVKEMIESKQTYYESV,1,0.76239115,PS001,ABD-derived affinity protein,48,5.639438200000002,SBP000346.pdb,"(9.21554183959961, 206, 2, 9.374563217163086, 208, 121.3082275390625, 36)",0.51583
SRR10072857,GL0016642,SERRRELNANGEAAPAKTLDFARARAERYRDPADREHFLDGLRKAGLTS,1,0.52055436,PS001,ABD-derived affinity protein,49,5.556051899999999,SBP000312.pdb,"(7.113322734832764, 212, 5, 11.136980056762695, 257, 133.40219116210938, 43)",0.56554
SRR3081569,GL0815598,KHAGWYVKGLKNAAATRQKINRAESLDRIVEICRMAEKEWHEICSP,1,0.27545124,PS001,ABD-derived affinity protein,46,5.338116099999997,SBP000346.pdb,"(0.5718249082565308, 139, 5, 2.670610189437866, 216, 140.4508514404297, 38)",0.72182
SAMN10404972,gene_id_1240436,EQKNRDSVQVAILQQRLQGRGLIERVKGEQLQTQEDADAEARKLIWAT,1,0.49281278,PS001,ABD-derived affinity protein,48,5.518121300000001,SBP000336.pdb,"(4.012465953826904, 222, 5, 5.553889751434326, 258, 149.88446044921875, 45)",0.56356
SRR1230754,GL1122598,TKGKYAVTAVLDLAIQEQADATYSKISEVAQSQSIPAPYLEQISYLWA,1,0.6447368,PS001,ABD-derived affinity protein,48,5.260854599999999,SBP000336.pdb,"(6.482026100158691, 188, 5, 12.167946815490723, 235, 147.0950164794922, 42)",0.52394
