SRR ID,Gene ID,Protein Sequence,Predicted_Label,Max_Probability,Predicted_PSS_ID,Predicted_Type,Sequence Length,Molecular Weight,Reference PDB,RMSD,TM-score
SRR5277143,GL1580234,MRTWTSANKKFTVRAKLIRATESDVILVREGDGKRITVPLSKLSAADRAYVRNAATD,10,0.9220936,PS007,Affitin,57,6.349244200000003,SBP000626.pdb,"(2.1817986965179443, 187, 2, 2.227355718612671, 189, 81.20692443847656, 34)",0.51787
SRR10912797,GL0375687,RARVPGDPVPGELSVESARRSGGDDKHPVFDIAVTAPDGSVVFVEGPADWFAGVPERLAGAETTTY,10,0.5821567,PS007,Affitin,66,6.880470900000002,SBP000646.pdb,"(1.2206699848175049, 164, 5, 2.0070126056671143, 204, 54.141578674316406, 37)",0.63106
SRR5590956,GL0184750,FSSELLAESSAVVILPGVVLTTSGTWRCVVFVELDDAIYRLDFDSIYVIQFSSLYIKKINKIIGQKVEGISKGHLDS,10,0.65096635,PS007,Affitin,77,8.523757399999997,SBP000631.pdb,"(4.180978298187256, 244, 3, 4.294219493865967, 248, 83.29625701904297, 45)",0.53622
SRR5469174,GL0241008,EERLGQIVLTAEKENPLELKIAHVSSCTILTGTIAQLVSKDTTAAIALQFATEKDVADFVDTIKWHRTKT,10,0.75968814,PS007,Affitin,70,7.709738999999999,SBP000625.pdb,"(2.8219661712646484, 243, 5, 5.282831192016602, 312, 123.421630859375, 55)",0.54865
SRR7597550,GL2027475,ASCLVGSEMCIRDRNDTGREVIVNWNNVDFAKVTETSYGDKYVEICFGDEHVKVKETIQEIHEKCLNALA,10,0.86137956,PS007,Affitin,70,7.935848299999997,SBP000631.pdb,"(3.7025716304779053, 269, 5, 5.928542137145996, 316, 144.99078369140625, 55)",0.51406
