SRR ID,Gene ID,Protein Sequence,Predicted_Label,Max_Probability,Predicted_PSS_ID,Predicted_Type,Sequence Length,Molecular Weight,Reference PDB,RMSD,TM-score
SRR8816681,GL0991018,RDLHLSIRRQRQMCIRDSSLKSLIQDKELLQKKVFTLRPEQLSVENFVDLTNLIHSNYES,7,0.56790155,PS004,Affibody,60,7.184179899999999,SBP000463.pdb,"(4.368550777435303, 286, 4, 4.919125080108643, 303, 147.14105224609375, 52)",0.50375
SRR7597495,GL1099924,KRHSDNFLVGFDRLVKLAEDCDTDNIILDSLIYSAHGLLNLRMREIHPDVKFGDLNITDSKTYLENLIQEQNQS,7,0.37227586,PS004,Affibody,74,8.560512999999998,SBP000472.pdb,"(13.225371360778809, 297, 1, 13.225371360778809, 297, 196.0624542236328, 53)",0.51182
SRR7615565,GL2559329,NAEEFTYYRNRTALKGVSQNSIRMLSQIHREYPEFHPKKLEKYLEKIDEEGTAEAKEKIDEISRRMYEF,7,0.42185336,PS004,Affibody,69,8.386317499999997,SBP000508.pdb,"(5.820912837982178, 292, 3, 5.9675469398498535, 296, 227.94094848632812, 49)",0.50298
SRR7615700,GL4533753,DETDAVNAQHRREALDWLDTHIGEQQLLKPDDFQALFKKVGNMSDAEFKEWLAETRQLRKALQSQAWRETRVWLREFLAVQAMYSD,7,0.57434785,PS004,Affibody,86,10.221307199999998,SBP000464.pdb,"(5.073132038116455, 329, 2, 5.140472888946533, 331, 222.40794372558594, 53)",0.59146
SRR9108863,GL5330239,NHIASNCASLLCEAVVQKIMASPGSDTLSSVCELQDDIRSVLADQDIGRRLVAAVVNLPQVAQERAFDL,7,0.6117073,PS004,Affibody,69,7.366306700000003,SBP003516.pdb,"(10.718740463256836, 295, 1, 10.718740463256836, 295, 212.001953125, 53)",0.52187
