SRR ID,Gene ID,Protein Sequence,Predicted_Label,Max_Probability,Predicted_PSS_ID,Predicted_Type,Sequence Length,Molecular Weight,Reference PDB,RMSD,TM-score
SRR9618227,GL1075487,KKRLEFLVSETKARIGLLAQSMTRTGSEIQSHAEPLQLCAHRETIRGRRGKHEDIVDPVASALDEHKHRLKQNHDELEECRKNEVEMLTDLESV,11,0.90217596,PS008,Alphabody,94,10.824126399999995,SBP000594.pdb,"(11.00181770324707, 346, 5, 19.413990020751953, 428, 335.818359375, 77)",0.5085
SRR7615607,GL1141841,IEKSLTDANIWSNPKKSAELLREKKILEGYLKIDTQFNHLIDEIDTYFTLIDEDPSLMEEMEQEILGLEKLVGEAEIRNYLSGNNDANN,11,0.5667778,PS008,Alphabody,89,10.272364099999992,SBP000594.pdb,"(15.172053337097168, 424, 2, 15.28544807434082, 426, 270.46392822265625, 73)",0.5153
SRR7599244,GL0847385,RSILVRYGSFLQNLAARVSRLEASMNEFGQSRTTLQKFITTLDAAAGLQYYPSVGSHAQRIIRILEDLEPSFTTEEFYHLRTHLEYITAARGNP,11,0.5231819,PS008,Alphabody,94,10.705959399999992,SBP000594.pdb,"(7.7129316329956055, 316, 5, 12.886784553527832, 397, 275.07464599609375, 71)",0.58302
SRR12660349,GL6441779,FEKDLERLGAEVIAEEARLSADNAWATADVDDLARRFAIDRENAHVDYLSQLVVDARDRILLHGTTAEYEIVRDLYQQGRALFRELNDIQTKVDALEVAVAR,11,0.79226536,PS008,Alphabody,102,11.61377419999999,SBP000594.pdb,"(15.211949348449707, 442, 1, 15.211949348449707, 442, 337.5982971191406, 78)",0.50298
SRR11285520,GL0579917,KAEEGKAPTAQQLADEQRNLLSALQRLDEKMNNLSAKLRERQPEQAAKLEAAYQAIRQRLIKEDMRAVVGLFEGNDVIPARDKALEVKKDLAAL,11,0.50023985,PS008,Alphabody,94,10.538948999999992,SBP000594.pdb,"(7.013968467712402, 413, 2, 7.041560173034668, 414, 336.6188049316406, 74)",0.53805
