SRR ID,Gene ID,Protein Sequence,Predicted_Label,Max_Probability,Predicted_PSS_ID,Predicted_Type,Sequence Length,Molecular Weight,Reference PDB,RMSD,TM-score
SRR1644046,GL0065290,MADEKNCTCDAFQFTCEIGGCIMASWHCDGDRDCLDGSDALDCE,14,0.9999684,PS014,Avimer,44,4.796244999999999,SBP000236.pdb,"(0.6449230313301086, 176, 5, 1.4900413751602173, 226, 95.80259704589844, 36)",0.73896
SRR2975911,GL0147089,DEHQCEGVLYGKHCRDPLGGMVYLPQERMCDGVEDCSGGEDERECGVEEGLATCIHSRTGLEVPLRDTARCGILKLDTQDENFRV,14,0.8863445,PS014,Avimer,85,9.442431499999987,SBP000234.pdb,"(0.5994434952735901, 71, 5, 1.3680360317230225, 96, 26.507658004760742, 16)",0.5953
SRR12937369,GL0097431,SKHIFVSSLYRCDIVKHCRDNSDEKNCDKVQIVAGM,14,0.9980081,PS014,Avimer,36,4.139717000000001,SBP000234.pdb,"(1.9768545627593994, 21, 2, 2.2327229976654053, 22, 15.307882308959961, 4)",0.55046
SRR6475283,GL1218705,RCDGYKDCTDGTDEKNCTAITCPDNKFNCPKGGPKSAPKCIEKSKLCDGERDCLDGADEREACCKLKSF,14,0.9968534,PS014,Avimer,69,7.527425299999999,SBP000234.pdb,"(0.5562520027160645, 155, 5, 1.4654604196548462, 205, 52.77991485595703, 33)",0.78142
SRR7131306,GL0437767,DGSDEKDCHARTCSENQFPCENGKCISAAFLCDGEFDCGFNDFTDELECDSGKSLNFKFLFCFD,14,0.99512357,PS014,Avimer,64,7.167734799999997,SBP000230.pdb,"(0.3212653696537018, 139, 5, 1.141089916229248, 195, 89.49906921386719, 31)",0.70353
