SRR ID,Gene ID,Protein Sequence,Predicted_Label,Max_Probability,Predicted_PSS_ID,Predicted_Type,Sequence Length,Molecular Weight,Reference PDB,RMSD,TM-score
SAMN14511307,gene_id_750613,LASDTSYTYEVSAVNGEDLESAKSSPASATTLTTADTTPPSVPTNLGATAASTAEIDLSWDASSDAESGVSHYVIYRDSTQIDTATGTSYSDTGLASDTSYTYEVS,17,0.50595164,PS020,Centyrin,106,10.893255799999991,SBP000413.pdb,"(1.707969069480896, 230, 5, 3.7603347301483154, 311, 118.34367370605469, 53)",0.61565
SRR3718413,GL1326511,DINVSIITEVEEADTYLIKLSKTPDMDNIIEEIYLQGSLNHSFSGEYLEWNEDYYIQVIAFSNQEIIGEPSNIEMIIL,17,0.6403575,PS020,Centyrin,78,9.015946799999998,SBP000415.pdb,"(3.0149426460266113, 355, 5, 3.805943012237549, 392, 137.11570739746094, 68)",0.66814
SRR5002313,GL1962101,EYNLLTLTATLNAIGIGTQFQWQFLGTGDDPVQSETVNAGIYTRIGLKPQTQYHFRVRAINHVGNSDWVNVTGETLEADLTEYVNDIPLS,17,0.5153643,PS020,Centyrin,90,10.011958999999996,SBP000414.pdb,"(2.671721935272217, 352, 5, 3.585594654083252, 401, 189.34982299804688, 70)",0.6533
SRR8554435,GL7839392,ARIDLTWHQDDFELFAGFNLYRATEPEPNGVFTRLNTTVLSAEQNSYRDEDVQPNTTYYYKYAVVLTDMTESDFSNTVSA,17,0.85531604,PS020,Centyrin,80,9.2549131,SBP000415.pdb,"(1.1636885404586792, 319, 5, 2.9136290550231934, 432, 173.69578552246094, 72)",0.68303
SRR8816673,GL0731642,AGGSRRSLALSDKFGSGTTCNATVPTGVSTSGVTATGATVNWTAVSGATYDVRYRQAGTSSWTTNASSTTSATLSGLSATTQYQVQVRSKCSSGNSNYSASVNFTTTAVQI,17,0.35897514,PS020,Centyrin,111,11.206988899999994,SBP000414.pdb,"(0.6894936561584473, 366, 5, 1.7340919971466064, 489, 251.38870239257812, 83)",0.84625
