SRR ID,Gene ID,Protein Sequence,Predicted_Label,Max_Probability,Predicted_PSS_ID,Predicted_Type,Sequence Length,Molecular Weight,Reference PDB,RMSD,TM-score
SRR12613527,GL7659889,PAPVAVPDVVGRNQAPAENVIIGAGLVVGNVTNENSNTVPEGNVISQTPAGGTSVAPGSAVDLVVSIGPAPVAVPDVVGRNQAPAENVI,19,0.7536467,PS022,CI2-based binder,89,8.610525200000001,SBP003422.pdb,"(6.488193511962891, 91, 5, 15.100635528564453, 122, 56.773033142089844, 22)",0.51109
SRR8816783,GL1684108,TYLNVPPPFVEVREFISGQPVYSANIRTTPAVLALEPAVEDRLTIVINVDGIVEEVSCG,19,0.97082204,PS022,CI2-based binder,59,6.3992377,SBP003424.pdb,"(0.8720746636390686, 97, 5, 2.019338846206665, 130, 79.75726318359375, 22)",0.51809
SRR5788049,GL0277992,IQLQKDFKVPNLEGISSQEALKKLEAHGLKVELKGTGSGKGQQLQADSKVKNNQKVILELS,19,0.989344,PS022,CI2-based binder,61,6.642570700000002,SBP003423.pdb,"(7.1047210693359375, 224, 3, 7.324546813964844, 228, 64.6020278930664, 39)",0.50323
SRR9108845,GL4515650,EEYALGKRTTDAMEQYVGSTGMTLAPESWSVLLGKPGEEAAAMLRMVCPDMQVQTVPEGSMVTMDFREDRVRVHLDAA,19,0.95315665,PS022,CI2-based binder,78,8.592727299999998,SBP003428.pdb,"(1.3681716918945312, 278, 5, 1.9108281135559082, 317, 207.6403045654297, 49)",0.63673
SRR6049556,GL0090874,PKANSKVKQGRKIYLTLNASDYEMVEIPKITRITVRQAKKTIESLGFIFGEIEYIDDIARDEVISISHDGIELSE,19,0.8510471,PS022,CI2-based binder,75,8.525651499999999,SBP003422.pdb,"(5.669462203979492, 95, 5, 13.207687377929688, 124, 65.20111083984375, 22)",0.52751
