SRR ID,Gene ID,Protein Sequence,Predicted_Label,Max_Probability,Predicted_PSS_ID,Predicted_Type,Sequence Length,Molecular Weight,Reference PDB,RMSD,TM-score
SRR9108844,GL0436396,ARDDVPWEQHRVQADWSAPDEEYLNLKEGELISVQPGLDQGWAFGKSAVSGKSGYFPPTFAEREDSS,29,0.9492273,PS035,Fynomer,67,7.482976100000002,SBP001882.pdb,"(1.116206407546997, 262, 5, 2.483530044555664, 341, 173.17201232910156, 57)",0.81841
SRR8394867,GL1408133,MEEKPTYTKDLPELTIGIEIKAKYKGEGKWFEGKIKEVNEDGTYYIVYEDGDEEKEAKREHILLRVEEKPTYTKDLPE,29,0.64170295,PS035,Fynomer,78,9.226250499999995,SBP001882.pdb,"(4.494511604309082, 242, 5, 5.338127136230469, 266, 91.23153686523438, 47)",0.58785
SRR5918514,GL1411703,KSLRSSVGGTSAPETIYKVKSSFTPTDPKQIALKRGGFVRISKRVPNGWCEGELLDDEMKPSGQTGWFPVQYV,29,0.9911472,PS035,Fynomer,73,8.045083600000002,SBP001883.pdb,"(0.8285391330718994, 290, 5, 1.3276515007019043, 333, 192.71286010742188, 54)",0.79792
SRR1627905,GL0400807,MDSWIWCISKEGKQGWTPYNYLEIQGKNAKLLQDYDATELTVSLGEELIIEKQESGWFWASNKEGKKGWVPSRNVKLLE,29,0.727798,PS035,Fynomer,79,9.193299299999994,SBP001882.pdb,"(0.8168013095855713, 210, 5, 10.406978607177734, 309, 140.9709930419922, 51)",0.63486
SRR5469174,GL0746331,EEIELISENHDKTGWAFGKAKDGRSGWFPRSILRGLDITVAHHNFNDLSEKEMRLEMGDRILIEKRDTTGWFLGWKIKKNG,29,0.9909662,PS035,Fynomer,81,9.427572199999991,SBP001883.pdb,"(1.0107766389846802, 192, 5, 4.753816604614258, 259, 137.86656188964844, 42)",0.6448
