SRR ID,Gene ID,Protein Sequence,Predicted_Label,Max_Probability,Predicted_PSS_ID,Predicted_Type,Sequence Length,Molecular Weight,Reference PDB,RMSD,TM-score
SRR7254006,GL0917999,MIKIFNVHATWQTKGGRKGELSRSYVGNSIEDVQAKVRSHLHADRRFSAVRALDITVRAPEPQQ,32,0.99689084,PS038,Gp2-based binder,64,7.258165600000003,SBP000889.pdb,"(4.577140808105469, 272, 3, 4.629977703094482, 274, 132.3557586669922, 49)",0.58337
SRR8862232,GL0138934,MNTYAISYTTNYGLAVLIINASTTDKAMLVAEAEGAWNGYNIVQIDTVT,32,0.9992995,PS038,Gp2-based binder,49,5.2868932000000015,SBP000889.pdb,"(1.2269260883331299, 223, 5, 2.161691427230835, 273, 174.86428833007812, 47)",0.58105
ERR598957,GL0724165,RTGLAGQQSGVSYAYKVCVDVDGEGREYVVFAANMADAAVLAVDKLKGLGSDTLLRELSLVGEAL,32,0.99861825,PS038,Gp2-based binder,65,6.761601499999999,SBP000888.pdb,"(1.9848709106445312, 252, 5, 3.448946237564087, 311, 168.42660522460938, 54)",0.6165
SRR6768624,GL1099960,MRFKVSLKIKGKEFEEVVIANNKKEAVKVALKNNPEAEVLNSDWTFKL,32,0.99869484,PS038,Gp2-based binder,48,5.5344316,SBP000889.pdb,"(1.1130177974700928, 206, 5, 2.0595993995666504, 256, 154.9391326904297, 43)",0.57389
SRR7599102,GL2095909,MINSYPGIPNMKNYRAIYRTSSGREERLDLLAKSLSSATLSASELIGSNATLVRVYENPDW,32,0.9903412,PS038,Gp2-based binder,61,6.821618900000001,SBP000887.pdb,"(0.8602399826049805, 228, 5, 4.815492630004883, 337, 179.23431396484375, 56)",0.68971
