SRR ID,Gene ID,Protein Sequence,Predicted_Label,Max_Probability,Predicted_PSS_ID,Predicted_Type,Sequence Length,Molecular Weight,Reference PDB,RMSD,TM-score
SRR5821657,GL0322314,ISCLAARVEASYNVVMDQTSKKLDRDALISLVHNIMTTSGCVVDVDGLISTLEANTPHPDPSSLIFNPPSGKAMSATEIVDIALATKREQ,35,0.992427,PS041,Im9-based binder,90,9.583840899999991,SBP000774.pdb,"(2.7596957683563232, 323, 4, 3.281890392303467, 348, 189.00318908691406, 58)",0.66145
SRR10312501,gene_id_631773,MSDHSREILLGLIRYFRQNQKMMSEEEVDDLMNNILEISPDPYILDYIFYPPGERDMSCEEIVEKAFSYEPIITPPPSKNTE,35,0.999718,PS041,Im9-based binder,82,9.673848799999996,SBP000776.pdb,"(2.28053879737854, 322, 5, 3.279254198074341, 377, 217.34689331054688, 59)",0.59682
SRR8812617,GL0069110,MCIRDRFLGLLVKSEGIDFGEKELDELVDFFNEKIEHPSGSDLIMHPTMLGIEDSSEAIIAELKRWYTEKGQPCFKDQQLSLIHI,35,0.99980897,PS041,Im9-based binder,85,9.796129199999992,SBP000775.pdb,"(1.550181269645691, 323, 4, 1.9249485731124878, 351, 187.36123657226562, 52)",0.58642
SAMN07571236,gene_id_119557,MLSKDKLIALVNRLINVNGTEDELDDIESLLENELPDPNFVDYIYYPPNGIELSAEEIIEKALAYKPIILGYTDFNKQD,35,0.99984276,PS041,Im9-based binder,79,9.031070899999992,SBP000776.pdb,"(1.8765463829040527, 343, 5, 2.3450253009796143, 380, 247.96127319335938, 59)",0.63819
SRR12068624,gene_id_107323,MEEDSIMVDRLYLIKLIDQLRNFEGSEEDEAVFLEKLVNLVTDPNISDYIYWTNMSSEEIADKVLSYKPIILPDLSNS,35,0.99993813,PS041,Im9-based binder,78,9.073152299999991,SBP000776.pdb,"(2.1733973026275635, 343, 5, 2.4221696853637695, 360, 225.2617645263672, 58)",0.60814
