SRR ID,Gene ID,Protein Sequence,Predicted_Label,Max_Probability,Predicted_PSS_ID,Predicted_Type,Sequence Length,Molecular Weight,Reference PDB,RMSD,TM-score
SRR6228049,GL0776811,AACDEDANCPKGWYCDGDWCQRRSAQTIPKVFV,36,0.9325955,PS042,Knottin,33,3.7341397,SBP000535.pdb,"(0.30138298869132996, 101, 5, 1.2493540048599243, 139, 84.694091796875, 25)",0.62551
SRR8157149,GL3557387,TEDVCIDIVEGEGVCEDEANDGKACEEDSDCTYHNCPINNRCEDKD,36,0.5329086,PS042,Knottin,46,5.096312900000001,SBP000535.pdb,"(0.6705712080001831, 125, 5, 2.8966691493988037, 176, 71.99928283691406, 30)",0.60967
SRR12660291,GL5858440,DDATAVAYCSGSQSACVLDCSDGSATCPSGMECVDLGGSTGRCLSEDP,36,0.5550491,PS042,Knottin,48,4.693032799999998,SBP000535.pdb,"(9.34257698059082, 146, 5, 10.131105422973633, 153, 31.270998001098633, 30)",0.55998
SRR9040001,GL3025125,SQEIIDEIGPIPNNVGFKFWCEGKEPAGDNFKCPAGEICNDGICVEE,36,0.87333757,PS042,Knottin,47,5.1136442,SBP000535.pdb,"(5.302038192749023, 155, 3, 5.517175197601318, 158, 35.754005432128906, 29)",0.53245
SRR10018917,GL3302790,SDCLVPLICVEGRCKESRSDTGQACGADEDCLPHLHCKHGKCRGK,36,0.4826959,PS042,Knottin,45,4.8565291,SBP000535.pdb,"(0.848773181438446, 120, 5, 5.790343761444092, 158, 60.671669006347656, 29)",0.6255
