SRR ID,Gene ID,Protein Sequence,Predicted_Label,Max_Probability,Predicted_PSS_ID,Predicted_Type,Sequence Length,Molecular Weight,Reference PDB,RMSD,TM-score
SRR9178103,GL0357221,SCPILWSNIDSSINNVTDEELKVKIQELRDAGKKAHSDGDHSGSEKLLNEALSLINS,6,0.5277509,PS003438,Miniprotein LCB3,57,6.2207987,SBP003438.pdb,"(1.529547095298767, 306, 5, 1.910611629486084, 335, 276.39794921875, 57)",0.71516
SRR7080639,GL1593460,LAAIAIDDAVASGGSQERIQQAMDRYEAGLVHAAAGDYAKAVGEFKKAWATALKAY,6,0.9540378,PS003438,Miniprotein LCB3,56,5.840493700000001,SBP003438.pdb,"(2.2995901107788086, 302, 5, 2.517350196838379, 314, 258.9711608886719, 56)",0.58521
SRR9108873,GL4100244,VELLEARELLANALDKATSAAFTGDVAEQEMQQARQALDKFEIWEKAPEILATLEALRDKDVQAWLKEE,6,0.3657664,PS003438,Miniprotein LCB3,69,7.7996893,SBP003438.pdb,"(13.528244018554688, 351, 1, 13.528244018554688, 351, 284.2901306152344, 62)",0.50323
SRR5468195,GL2354759,IGMLYRYALILEKKGDTKAAIKAAEESLAGTEKVGPELKAEYKKLNSVLLERLKSKQ,6,0.4368572,PS003438,Miniprotein LCB3,57,6.336401099999999,SBP003438.pdb,"(7.2117695808410645, 304, 5, 7.679380416870117, 315, 239.51292419433594, 55)",0.51756
SRR12613172,GL3497803,AAEEERERRYRKLVELAHARLEDEDFDAATKLLTEAQALKEDEDLRDLLLGPRRP,6,0.71441215,PS003438,Miniprotein LCB3,55,6.462117399999998,SBP003438.pdb,"(1.053526520729065, 224, 5, 1.5065903663635254, 252, 227.77874755859375, 41)",0.59147
