SRR ID,Gene ID,Protein Sequence,Predicted_Label,Max_Probability,Predicted_PSS_ID,Predicted_Type,Sequence Length,Molecular Weight,Reference PDB,RMSD,TM-score
SRR9108844,GL5745352,NETAYDEAVCDACLKEVGPKKGMLIFCDLCNKGYHLECHEPPLAVAPEGDWMCYNCCVERYSTCLVCGMQD,42,0.99912244,PS052,PHD finger domain,71,7.928084399999999,SBP000859.pdb,"(1.0334731340408325, 157, 5, 1.2642734050750732, 168, 101.54624938964844, 26)",0.6326
SRR9108875,GL3186420,TMVCEYCESNVSDVIFCDSCDKMSCFECGGLTQETIPDGEWFCAECISVQDQYQPPPSEVEEVNEAELENQ,42,0.6050523,PS052,PHD finger domain,71,7.983679299999999,SBP000860.pdb,"(1.7811779975891113, 126, 5, 3.2318382263183594, 155, 58.84839630126953, 28)",0.62112
SRR9040001,GL2205244,QQGLAGHMNHCPARAAADDEEASAHSGYEEAACAKCGSGDDAVGNEILLCDGAGCERAYHLQCLPTPLGAVPDGTWL,42,0.8808558,PS052,PHD finger domain,77,7.868553999999996,SBP000859.pdb,"(0.7344871759414673, 148, 5, 1.169821858406067, 174, 84.91786193847656, 26)",0.59169
SRR9108858,GL2033723,PPPNKSPALDVLPPAAGPPAPGTTDEQGRQLYCLCHKPDDGSSMICCDTCGEWYHAGCVGLDRRAVARCRKYS,42,0.9248279,PS052,PHD finger domain,73,7.801794399999999,SBP000860.pdb,"(0.9003785252571106, 230, 5, 5.861071586608887, 297, 107.27362060546875, 47)",0.6589
SRR9108862,GL2620402,FDACGVCDLGGLLICCEACPQAYHRECLPADKAPNDDDDDEAAWYCPPCAEALGVAF,42,0.9998771,PS052,PHD finger domain,57,6.052714500000002,SBP000859.pdb,"(0.6672881841659546, 201, 5, 3.188225030899048, 278, 102.20121765136719, 44)",0.58305
