SRR ID,Gene ID,Protein Sequence,Predicted_Label,Max_Probability,Predicted_PSS_ID,Predicted_Type,Sequence Length,Molecular Weight,Reference PDB,RMSD,TM-score
SRR11687776,GL14797742,VTANTGEASAALTQYSTTFVWLIVAGLVVGGLYFLLAPLINKLMHGVK,43,0.7747647,PS054,PVIII-based binder,48,5.049922699999998,SBP000793.pdb,"(2.9000394344329834, 242, 4, 3.307028293609619, 257, 171.81752014160156, 47)",0.66482
SAMN06267296,gene_id_771755,ASVAGDAASAAEAAAEAATAAQEAAGGLTSLVYGAIAASLVAALAAVVSLMQISRRIAG,43,0.5240126,PS054,PVIII-based binder,59,5.4290793000000015,SBP000794.pdb,"(4.122198104858398, 172, 5, 11.121247291564941, 229, 163.2310028076172, 43)",0.61493
SRR7080642,GL1990798,REAQAAAGAGIAGGLAVAAEHLPVAGSILGNLAPTAQLVAVVVAAALLGYVLWKRAV,43,0.7579901,PS054,PVIII-based binder,57,5.488389400000002,SBP000794.pdb,"(4.007165431976318, 159, 5, 14.880406379699707, 221, 142.31625366210938, 40)",0.50355
SRR5213598,GL1449866,AVTAPSAMPGVAAALAAATPGFAAAADASGGNPDQGTIVAYAWFAISAVAGVKGVADKLRNE,43,0.95475304,PS054,PVIII-based binder,62,5.857520800000002,SBP000794.pdb,"(1.1477725505828857, 157, 5, 9.819757461547852, 219, 128.34425354003906, 41)",0.5702
SRR4029090,GL0183263,AVSFQSLFAAANAEFVTAVTTGTTTMTDTLTAISPLLIGVVVIGAILGAVFKFVKRAG,43,0.8617442,PS054,PVIII-based binder,58,5.8598279,SBP000791.pdb,"(4.066597938537598, 247, 3, 4.217609405517578, 252, 201.5907440185547, 47)",0.75141
