SRR ID,Gene ID,Protein Sequence,Predicted_Label,Max_Probability,Predicted_PSS_ID,Predicted_Type,Sequence Length,Molecular Weight,Reference PDB,RMSD,TM-score
SRR9178151,GL0611011,KDTVVNSEKNQETTVSFLKIDALRKGSHALSLLLRTDDIIVGVDKEPFRGSQKLLTEKLKEKTETVLTISRKEVFFNVLAKGP,49,0.48605087,PS060,Telobody,83,9.313665399999993,SBP000902.pdb,"(1.563431739807129, 345, 5, 2.027329921722412, 378, 205.01028442382812, 65)",0.72023
SRR8813308,GL1101842,MTVTIGQLTQEKLAAMGPAQTTEELGLTVQTLTPQLAQTFDANAGEGVVVTEVRPGSIAALAGIESGTLILKVNRKAVNSAAEFKRAVRESSH,49,0.8424536,PS060,Telobody,93,9.690934499999994,SBP000904.pdb,"(1.0836701393127441, 249, 2, 1.2329810857772827, 261, 122.81271362304688, 45)",0.58784
SRR8394867,GL1083918,GDYLKDFEPWPLALEFKAKGDEVITSQFVSRPIGVQLDNRSPHRVSSVTRGSLAEEKGIKPGMLITKIAQEEVSSKRPRKEILNL,49,0.76573515,PS060,Telobody,85,9.533835199999992,SBP000906.pdb,"(6.247195243835449, 290, 5, 12.087272644042969, 362, 145.45945739746094, 63)",0.54029
SRR5002402,GL0075744,NSAIIKNFVKVCYVVPNSPAEKSVIMINDIIIKVGNKDIKTASDVVRQINENGINKKINILLKRKNKLIKLKVMPTDITNIKNK,49,0.9992853,PS060,Telobody,84,9.457267299999993,SBP000902.pdb,"(0.5424240231513977, 260, 5, 1.5895615816116333, 325, 203.67198181152344, 53)",0.8035
SRR10072863,GL4202503,LYKKFRTFPVVIGVREDSPASEKGIQIGDTITALDGKSTLAMSMLEANLYLTGKSKDPVQVRLLGLNENKEVSVERRRLFDSP,49,0.99845195,PS060,Telobody,83,9.239546799999994,SBP000902.pdb,"(1.1098932027816772, 291, 5, 2.004641532897949, 365, 166.30096435546875, 65)",0.71093
