SRR ID,Gene ID,Protein Sequence,Predicted_Label,Max_Probability,Predicted_PSS_ID,Predicted_Type,Sequence Length,Molecular Weight,Reference PDB,RMSD,TM-score
SRR5918724,GL0327179,MEESSAPAPADADAEDAASVTLPEVYEDAPEDWRLSMAVEDGPEKPRLPEGWAEHIDDATQHPYYHHE,53,0.7507957,PS067,WW domain,68,7.5739515,SBP003542.pdb,"(0.7658259868621826, 134, 5, 1.1191630363464355, 152, 97.29714965820312, 22)",0.50322
SRR9108858,GL1406471,PSLPPGWDVSHDEHGAKYYWNRDTGEASWDRPRQSLEDARQRGPSDTAQEVATYL,53,0.4256228,PS067,WW domain,55,6.300618300000002,SBP003542.pdb,"(0.34491464495658875, 181, 5, 0.9624474048614502, 216, 132.32479858398438, 33)",0.86296
SRR9108878,GL4009817,APDQTPGSGAAWLPPGWEEHVAEDGHPYYHNKVTNLTQWEPPDQDAAVSAGWHLSQAPTGIYFYQNPYNP,53,0.9930363,PS067,WW domain,70,7.7742401,SBP003542.pdb,"(0.6143310070037842, 194, 5, 1.2064273357391357, 238, 142.4405975341797, 33)",0.76209
SRR9178283,GL0817387,DGRGKKKGGGAAGELWVTKKQYDDNGPTIVTPLPETWREVEVNVAGGPGRYFWNVTTKETTWSRAECFK,53,0.99906343,PS067,WW domain,69,7.672476600000002,SBP003542.pdb,"(0.46964678168296814, 148, 5, 1.29718816280365, 198, 101.25391387939453, 30)",0.73215
SRR9108864,GL2420662,AIKALLETAAELTQDAPSLPPGWRLILSNSKQKHYFYNEETGESSWQRPRNNCSESDQPQAGGDEGPEEIST,53,0.5987888,PS067,WW domain,72,7.975523600000002,SBP003542.pdb,"(0.48205041885375977, 207, 5, 0.6197723150253296, 229, 148.855712890625, 34)",0.90558
